<Backups xmlns="http://www.microsoft.com/GroupPolicy/GPOOperations/Manifest" xmlns:mfst="http://www.microsoft.com/GroupPolicy/GPOOperations/Manifest" mfst:version="1.0"><BackupInst><GPOGuid><![CDATA[{A404985E-3E2A-4A7A-8AB1-7F159E423678}]]></GPOGuid><GPODomain><![CDATA[training.local]]></GPODomain><GPODomainGuid><![CDATA[{0dfe31fb-080b-4bd8-9b2a-4433f1de78fd}]]></GPODomainGuid><GPODomainController><![CDATA[Test-LEARN-001.training.local]]></GPODomainController><BackupTime><![CDATA[2021-05-12T12:25:59]]></BackupTime><ID><![CDATA[{A5CA6D5D-0953-491C-827C-FC310472AF6C}]]></ID><Comment><![CDATA[]]></Comment><GPODisplayName><![CDATA[Training]]></GPODisplayName></BackupInst></Backups>